{"learning_rate": 0.012497987123844343, "num_layers": 2, "size": 6, "output_size": 6, "size_layer": 256, "timestep": 5, "epoch": 2, "best_value": 0.42761850127807033}