{"learning_rate": 0.0021155626747517324, "num_layers": 3, "size": 6, "output_size": 6, "size_layer": 256, "timestep": 5, "epoch": 2, "best_value": 0.17340425144021326}